transactiondate,product,product_GBU,yearmth,customer_no,billto_customer_name,Extract_Number,customer_no_dupes,bill_to_custname_wo_dupes,st_customer_name,st_customer_no,invoice_no,invoice_type,revenue,cost,Quantity,sale_amount,Profit-Loss
1/23/2023,Incontinence UPC Lead Sets,Uro,202301,1021301,HCA Mission Health Hospital *11.22.24 CONSOLIDATED F2*,2,Cust Info Not Found,Cust Info Not Found,Mission Urology McDowellPO #23767/601/1323,20084768,90374247,Invoice,4680,251.28,6,28080,27828.72
3/7/2023,Freight UR,Uro,202301,1021301,HCA Mission Health Hospital *11.22.24 CONSOLIDATED 1114774*,1114774,Cust Info Not Found,Cust Info Not Found,Mission Urology McDowellPO #23767/601/1323,20084768,90374247,Invoice,25,0,1,25,25
3/26/2023,Spot Ex,GI,202301,1021301,HCA Mission Health Hospital *11.22.24 CONSOLIDATED 1114774*,1114774,Cust Info Not Found,Cust Info Not Found,Angel Medical Centerpo 297246,20197106,90374639,Invoice,345,33.6,10,3450,3416.4
4/3/2023,Optilume Strictures,Uro,202301,1023139,VA Hospital(Lake CityFL) **CONSOLIDATED USE 1023131**,1023131,Cust Info Not Found,Cust Info Not Found,VA Hospital(Lake City FL)Attn: Warehouse 573-Q31314,20079635,90374784,Invoice,0,402,0,0,-402
4/7/2023,Spot Ex,GI,202301,1107644,SANTA MONICA-UCLA MEDICAL CENTER *Consolidated* Use BP# 1022708,1022708,Cust Info Not Found,Cust Info Not Found,SANTA MONICA-UCLA MEDICAL CENTERPO 22666626-0-SMH LUM GILAB,20195982,90374863,Invoice,1035,100.8,30,31050,30949.2
4/17/2023,Spot Ex,GI,202301,1106832,Mayfair Digestive Health Center (GIA) **CONSOLIDATED use 1106610*,1106610,Cust Info Not Found,Cust Info Not Found,Mayfair Digestive Health CenterAttn: Receiving,20194642,90374852,Invoice,380,33.6,10,3800,3766.4
4/17/2023,Spot Ex,GI,202301,1107328,QUEEN OF THE VALLEY MEDICAL CENTER *Consolidated* Use BP# 1020233,1020233,Cust Info Not Found,Cust Info Not Found,CITRUS VALLEY MEDICAL CENTER*Consolidated* Use BP# 20071399,20195452,90374858,Invoice,380,33.6,10,3800,3766.4
4/19/2023,Kiwi,CI,202301,1078795,Mohawk Medbuy Corporation *12.30.24 CONSOLIDATED*,24,Cust Info Not Found,Cust Info Not Found,Southlake Regional Health CentreAttn: Receiving,20163249,90374470,Invoice,400.7,52.76,10,4007,3954.24
4/22/2023,Optilume Strictures,Uro,202301,1023139,VA Hospital(Lake CityFL) **CONSOLIDATED USE 1023131**,1023131,Cust Info Not Found,Cust Info Not Found,VA Hospital(Lake City FL)Attn: Warehouse 573-Q31314,20079635,90374784,Invoice,4190,0,2,8380,8380
4/22/2023,Optilume Strictures,Uro,202301,1023139,VA Hospital(Lake CityFL) **CONSOLIDATED USE 1023131**,1023131,Cust Info Not Found,Cust Info Not Found,VA Hospital(Lake City FL)Attn: Warehouse 573-Q31314,20079635,90374784,Invoice,0,56,0,0,-56
5/3/2023,Optilume Strictures,Uro,202301,1023139,VA Hospital(Lake CityFL) **CONSOLIDATED USE 1023131**,1023131,Cust Info Not Found,Cust Info Not Found,VA Hospital(Lake City FL)Attn: Warehouse 573-Q31314,20079635,90374784,Invoice,0,402,0,0,-402
5/3/2023,Optilume Strictures,Uro,202301,1023139,VA Hospital(Lake CityFL) **CONSOLIDATED USE 1023131**,1023131,Cust Info Not Found,Cust Info Not Found,VA Hospital(Lake City FL)Attn: Warehouse 573-Q31314,20079635,90374784,Invoice,4190,0,2,8380,8380
5/3/2023,Optilume Strictures,Uro,202301,1023139,VA Hospital(Lake CityFL) **CONSOLIDATED USE 1023131**,1023131,Cust Info Not Found,Cust Info Not Found,VA Hospital(Lake City FL)Attn: Warehouse 573-Q31314,20079635,90374784,Invoice,0,56,0,0,-56
5/5/2023,Spot Ex,GI,202301,1107951,VALLEY HOSPITAL *Consolidated* Use BP# 1021836,1021836,Cust Info Not Found,Cust Info Not Found,VALLEY HOSPITAL - RIDGEWOODRECEIVING,20196472,90374871,Invoice,1520,134.4,40,60800,60665.6
5/10/2023,Freight UR,Uro,202301,1078795,Mohawk Medbuy Corporation *12.30.24 CONSOLIDATED*,24,Cust Info Not Found,Cust Info Not Found,Southlake Regional Health CentreAttn: Receiving,20163249,90374470,Invoice,18.62,0,1,18.62,18.62
6/1/2023,Freight UR,Uro,202301,1023139,VA Hospital(Lake CityFL) **CONSOLIDATED USE 1023131**,1023131,Cust Info Not Found,Cust Info Not Found,VA Hospital(Lake City FL)Attn: Warehouse 573-Q31314,20079635,90374784,Invoice,86.67,0,1,86.67,86.67
6/4/2023,Freight UR,Uro,202301,1106832,Mayfair Digestive Health Center (GIA) **CONSOLIDATED use 1106610*,1106610,Cust Info Not Found,Cust Info Not Found,Mayfair Digestive Health CenterAttn: Receiving,20194642,90374852,Invoice,20.19,0,1,20.19,20.19
6/5/2023,Freight UR,Uro,202301,1107328,QUEEN OF THE VALLEY MEDICAL CENTER *Consolidated* Use BP# 1020233,1020233,Cust Info Not Found,Cust Info Not Found,CITRUS VALLEY MEDICAL CENTER*Consolidated* Use BP# 20071399,20195452,90374858,Invoice,9.75,0,1,9.75,9.75
6/5/2023,Freight UR,Uro,202301,1107644,SANTA MONICA-UCLA MEDICAL CENTER *Consolidated* Use BP# 1022708,1022708,Cust Info Not Found,Cust Info Not Found,SANTA MONICA-UCLA MEDICAL CENTERPO 22666626-0-SMH LUM GILAB,20195982,90374863,Invoice,9.75,0,1,9.75,9.75
6/6/2023,Freight UR,Uro,202301,1107951,VALLEY HOSPITAL *Consolidated* Use BP# 1021836,1021836,Cust Info Not Found,Cust Info Not Found,VALLEY HOSPITAL - RIDGEWOODRECEIVING,20196472,90374871,Invoice,9.75,0,1,9.75,9.75
6/25/2023,T-Doc Catheters,Uro,202301,1021301,HCA Mission Health Hospital *11.22.24 CONSOLIDATED 1114774*,1114774,Cust Info Not Found,Cust Info Not Found,Mission UrologyAttn: COID 23769/601,20170555,90375262,Invoice,3790,289,100,379000,378711
7/4/2023,RenovaRP Consumables,GI,202301,1022644,Tulane Medical Center *CONSOLIDATED use 1020331*,1020331,Cust Info Not Found,Cust Info Not Found,LCMC Tulane Medical CenterAttn: Receiving,20084160,90375450,Invoice,380,200,40,15200,15000
7/8/2023,Optilume Strictures,Uro,202301,1023139,VA Hospital(Lake CityFL) **CONSOLIDATED USE 1023131**,1023131,Cust Info Not Found,Cust Info Not Found,Lake City VA Medical CenterAttn: Warehouse,20079635,90375508,Invoice,4190,0,2,8380,8380
7/8/2023,Optilume Strictures,Uro,202301,1023139,VA Hospital(Lake CityFL) **CONSOLIDATED USE 1023131**,1023131,Cust Info Not Found,Cust Info Not Found,Lake City VA Medical CenterAttn: Warehouse,20079635,90375508,Invoice,0,402,0,0,-402
7/8/2023,Optilume Strictures,Uro,202301,1023139,VA Hospital(Lake CityFL) **CONSOLIDATED USE 1023131**,1023131,Cust Info Not Found,Cust Info Not Found,Lake City VA Medical CenterAttn: Warehouse,20079635,90375508,Invoice,4190,0,2,8380,8380
7/8/2023,Optilume Strictures,Uro,202301,1023139,VA Hospital(Lake CityFL) **CONSOLIDATED USE 1023131**,1023131,Cust Info Not Found,Cust Info Not Found,Lake City VA Medical CenterAttn: Warehouse,20079635,90375508,Invoice,0,402,0,0,-402
7/11/2023,Other GI Supply Disposables,GI,202301,1106893,LOGANSPORT MEMORIAL HOSPITAL *Consolidated* Use BP# 1021307,1021307,Cust Info Not Found,Cust Info Not Found,LOGANSPORT MEMORIAL HOSPITALRECEIVING,20194749,90375586,Invoice,220,63,100,22000,21937
7/11/2023,Spot Ex,GI,202301,1107248,PARKLAND MEDICAL CENTER *Consolidated* Use BP# 1024084,1024084,Cust Info Not Found,Cust Info Not Found,PARKLAND MEDICAL CENTER*Consolidated* Use BP# 20083862,20195346,90375593,Invoice,345,33.6,10,3450,3416.4
7/16/2023,RenovaRP Consumables,GI,202301,1022644,Tulane Medical Center *CONSOLIDATED use 1020331*,1020331,Cust Info Not Found,Cust Info Not Found,LCMC Tulane Medical CenterAttn: Receiving,20084160,90375449,Invoice,390,109.5,10,3900,3790.5
7/28/2023,Optilume Strictures,Uro,202301,1023139,VA Hospital(Lake CityFL) **CONSOLIDATED USE 1023131**,1023131,Cust Info Not Found,Cust Info Not Found,Lake City VA Medical CenterAttn: Warehouse,20079635,90375508,Invoice,0,71.68,0,0,-71.68
8/4/2023,Kiwi,CI,202301,1078795,Mohawk Medbuy Corporation *12.30.24 CONSOLIDATED*,24,Cust Info Not Found,Cust Info Not Found,Peterborough Regional Health CentreAttn: Receiving,20163246,90375050,Invoice,1602.81,211.04,40,64112.4,63901.36
8/4/2023,Koala,CI,202301,1078795,Mohawk Medbuy Corporation *12.30.24 CONSOLIDATED*,24,Cust Info Not Found,Cust Info Not Found,Peterborough Regional Health CentreAttn: Receiving,20163246,90375050,Invoice,750.76,91.4,20,15015.2,14923.8
8/10/2023,Optilume Strictures,Uro,202301,1023139,VA Hospital(Lake CityFL) **CONSOLIDATED USE 1023131**,1023131,Cust Info Not Found,Cust Info Not Found,Lake City VA Medical CenterAttn: Warehouse,20079635,90375508,Invoice,0,71.68,0,0,-71.68
8/16/2023,RenovaRP Consumables,GI,202301,1022644,Tulane Medical Center *CONSOLIDATED use 1020331*,1020331,Cust Info Not Found,Cust Info Not Found,LCMC Tulane Medical CenterAttn: Receiving,20084160,90375449,Invoice,380,200,40,15200,15000
8/23/2023,Freight UR,Uro,202301,1078795,Mohawk Medbuy Corporation *12.30.24 CONSOLIDATED*,24,Cust Info Not Found,Cust Info Not Found,Peterborough Regional Health CentreAttn: Receiving,20163246,90375050,Invoice,18.62,0,1,18.62,18.62
9/9/2023,Freight UR,Uro,202301,1021301,HCA Mission Health Hospital *11.22.24 CONSOLIDATED 1114774*,1114774,Cust Info Not Found,Cust Info Not Found,Mission UrologyAttn: COID 23769/601,20170555,90375262,Invoice,25,0,1,25,25
9/22/2023,Freight UR,Uro,202301,1022644,Tulane Medical Center *CONSOLIDATED use 1020331*,1020331,Cust Info Not Found,Cust Info Not Found,LCMC Tulane Medical CenterAttn: Receiving,20084160,90375449,Invoice,9.75,0,1,9.75,9.75
9/22/2023,Freight UR,Uro,202301,1022644,Tulane Medical Center *CONSOLIDATED use 1020331*,1020331,Cust Info Not Found,Cust Info Not Found,LCMC Tulane Medical CenterAttn: Receiving,20084160,90375450,Invoice,9.75,0,1,9.75,9.75
9/26/2023,Freight UR,Uro,202301,1023139,VA Hospital(Lake CityFL) **CONSOLIDATED USE 1023131**,1023131,Cust Info Not Found,Cust Info Not Found,Lake City VA Medical CenterAttn: Warehouse,20079635,90375508,Invoice,40.6,0,1,40.6,40.6
10/2/2023,Freight UR,Uro,202301,1106893,LOGANSPORT MEMORIAL HOSPITAL *Consolidated* Use BP# 1021307,1021307,Cust Info Not Found,Cust Info Not Found,LOGANSPORT MEMORIAL HOSPITALRECEIVING,20194749,90375586,Invoice,9.75,0,1,9.75,9.75
10/2/2023,Freight UR,Uro,202301,1107248,PARKLAND MEDICAL CENTER *Consolidated* Use BP# 1024084,1024084,Cust Info Not Found,Cust Info Not Found,PARKLAND MEDICAL CENTER*Consolidated* Use BP# 20083862,20195346,90375593,Invoice,9.75,0,1,9.75,9.75
10/10/2023,InjeTAK,Uro,202301,1022644,Tulane Medical Center *CONSOLIDATED use 1020331*,1020331,Cust Info Not Found,Cust Info Not Found,HCA Supply C.S(Tulane M.C.LA)*CONSOLIDATED use 20205092*Deactivated 2024,20081990,90375726,Invoice,396,71.04,6,2376,2304.96
11/1/2023,Freight UR,Uro,202301,1022644,Tulane Medical Center *CONSOLIDATED use 1020331*,1020331,Cust Info Not Found,Cust Info Not Found,HCA Supply C.S(Tulane M.C.LA)*CONSOLIDATED use 20205092*Deactivated 2024,20081990,90375726,Invoice,25,0,1,25,25
12/7/2023,Spot Ex,GI,202301,1078770,Northern Hospital of Surry County *Consolidated* Use BP# 1021550,1021550,Cust Info Not Found,Cust Info Not Found,Northern Hospital of Surry County*Consolidated* Use BP# 20164008,20163099,90376349,Invoice,345,33.6,10,3450,3416.4
12/16/2023,Incontinence UPC Lead Sets,Uro,202301,1021528,Accord Physicians **CONSOLIDATED USE 1082740**,1082740,Cust Info Not Found,Cust Info Not Found,Accord Brooklyn UrologyAttn: Receiving,20080930,90376177,Invoice,3600,280.8,6,21600,21319.2
2/4/2024,Freight UR,Uro,202301,1021528,Accord Physicians **CONSOLIDATED USE 1082740**,1082740,Cust Info Not Found,Cust Info Not Found,Accord Brooklyn UrologyAttn: Receiving,20080930,90376177,Invoice,16.85,0,1,16.85,16.85
2/17/2024,Freight UR,Uro,202301,1078770,Northern Hospital of Surry County *Consolidated* Use BP# 1021550,1021550,Cust Info Not Found,Cust Info Not Found,Northern Hospital of Surry County*Consolidated* Use BP# 20164008,20163099,90376349,Invoice,26.46,0,1,26.46,26.46
4/9/2024,T-Doc Catheters,Uro,202301,1078795,Mohawk Medbuy Corporation *12.30.24 CONSOLIDATED*,24,Cust Info Not Found,Cust Info Not Found,Peterborough Regional Health CentreAttn: Receiving,20163246,90376617,Invoice,1549.18,116.62,40,61967.2,61850.58
5/19/2024,Freight UR,Uro,202301,1078795,Mohawk Medbuy Corporation *12.30.24 CONSOLIDATED*,24,Cust Info Not Found,Cust Info Not Found,Peterborough Regional Health CentreAttn: Receiving,20163246,90376617,Invoice,8.65,0,1,8.65,8.65
7/6/2024,T-Doc Catheters,Uro,202301,1078795,Mohawk Medbuy Corporation *12.30.24 CONSOLIDATED*,24,Cust Info Not Found,Cust Info Not Found,Peterborough Regional Health CentreAttn: Receiving,20163246,90377279,Invoice,1787.52,150.11,40,71500.8,71350.69
7/21/2024,T-Doc Catheters,Uro,202301,1022057,Mercy Health System **CONSOLIDATED use 1021304*,1021304,Cust Info Not Found,Cust Info Not Found,Mercy Javon Bea Hopsital RocktonAttn: Receiving,20076765,90377514,Invoice,1998,92.4,20,39960,39867.6
7/28/2024,RenovaRP Consumables,GI,202301,1087546,Decatur Hospital Authority *CONSOLIDATED use 1115087*,1115087,Cust Info Not Found,Cust Info Not Found,HCA Medical City DecaturAttn: Receiving,20168478,90377645,Invoice,195,115,20,3900,3785
8/4/2024,Kiwi,CI,202301,1078795,Mohawk Medbuy Corporation *12.30.24 CONSOLIDATED*,24,Cust Info Not Found,Cust Info Not Found,Cortellucci Vaughan HospitalAttn: CVH-RECEIVING DOCK 1-2-3-4,20166327,90377280,Invoice,1990.11,290.13,40,79604.4,79314.27
8/30/2024,T-Doc Catheters,Uro,202301,1022057,Mercy Health System **CONSOLIDATED use 1021304*,1021304,Cust Info Not Found,Cust Info Not Found,Mercy Javon Bea Hopsital RocktonAttn: Receiving,20076765,90377514,Invoice,1340,57.8,20,26800,26742.2
9/13/2024,Freight UR,Uro,202301,1078795,Mohawk Medbuy Corporation *12.30.24 CONSOLIDATED*,24,Cust Info Not Found,Cust Info Not Found,Peterborough Regional Health CentreAttn: Receiving,20163246,90377279,Invoice,9.97,0,1,9.97,9.97
9/13/2024,Freight UR,Uro,202301,1078795,Mohawk Medbuy Corporation *12.30.24 CONSOLIDATED*,24,Cust Info Not Found,Cust Info Not Found,Cortellucci Vaughan HospitalAttn: CVH-RECEIVING DOCK 1-2-3-4,20166327,90377280,Invoice,18.62,0,1,18.62,18.62
10/2/2024,Freight UR,Uro,202301,1022057,Mercy Health System **CONSOLIDATED use 1021304*,1021304,Cust Info Not Found,Cust Info Not Found,Mercy Javon Bea Hopsital RocktonAttn: Receiving,20076765,90377514,Invoice,25,0,1,25,25
10/12/2024,Freight UR,Uro,202301,1087546,Decatur Hospital Authority *CONSOLIDATED use 1115087*,1115087,Cust Info Not Found,Cust Info Not Found,HCA Medical City DecaturAttn: Receiving,20168478,90377645,Invoice,28.8,0,1,28.8,28.8
10/23/2024,Kiwi,CI,202301,1078795,Mohawk Medbuy Corporation *12.30.24 CONSOLIDATED*,24,Cust Info Not Found,Cust Info Not Found,Southlake Regional Health CentreAttn: Receiving,20163249,90377918,Invoice,400.7,52.76,10,4007,3954.24
11/8/2024,Other Uro Dx Disposables,Uro,202301,1022396,Willis Knighton: Ark-La-Tex Urology **CONSOLIDATED USE 1023379**,1023379,Cust Info Not Found,Cust Info Not Found,WK Ark-La-Tex Urology BossierAttn: Receiving,20070956,90378160,Invoice,60,7.2,20,1200,1192.8
11/16/2024,Optilume Strictures,Uro,202301,1023139,VA Hospital(Lake CityFL) **CONSOLIDATED USE 1023131**,1023131,Cust Info Not Found,Cust Info Not Found,Lake City VA Medical CenterAttn: Warehouse,20079635,90378247,Invoice,0,35.84,0,0,-35.84
11/18/2024,T-Doc Catheters,Uro,202301,1083981,"Barbara Plucknett, MD **CONSOLIDATED use 1108058*",1108058,Cust Info Not Found,Cust Info Not Found,"Barbara Plucknett, MDAttn: Receiving",20167867,90378279,Invoice,999,46.2,10,9990,9943.8
12/4/2024,Optilume Strictures,Uro,202301,1023139,VA Hospital(Lake CityFL) **CONSOLIDATED USE 1023131**,1023131,Cust Info Not Found,Cust Info Not Found,Lake City VA Medical CenterAttn: Warehouse,20079635,90378247,Invoice,0,201,0,0,-201
12/5/2024,T-Doc Catheters,Uro,202301,1083981,"Barbara Plucknett, MD **CONSOLIDATED use 1108058*",1108058,Cust Info Not Found,Cust Info Not Found,"Barbara Plucknett, MDAttn: Receiving",20167867,90378279,Invoice,670,28.9,10,6700,6671.1
12/26/2024,Optilume Strictures,Uro,202301,1023139,VA Hospital(Lake CityFL) **CONSOLIDATED USE 1023131**,1023131,Cust Info Not Found,Cust Info Not Found,Lake City VA Medical CenterAttn: Warehouse,20079635,90378247,Invoice,2095,0,1,2095,2095
1/4/2025,Freight UR,Uro,202301,1078795,Mohawk Medbuy Corporation *12.30.24 CONSOLIDATED*,24,Cust Info Not Found,Cust Info Not Found,Southlake Regional Health CentreAttn: Receiving,20163249,90377918,Invoice,18.62,0,1,18.62,18.62
1/22/2025,Freight UR,Uro,202301,1022396,Willis Knighton: Ark-La-Tex Urology **CONSOLIDATED USE 1023379**,1023379,Cust Info Not Found,Cust Info Not Found,WK Ark-La-Tex Urology BossierAttn: Receiving,20070956,90378160,Invoice,19.73,0,1,19.73,19.73
1/29/2025,Freight UR,Uro,202301,1023139,VA Hospital(Lake CityFL) **CONSOLIDATED USE 1023131**,1023131,Cust Info Not Found,Cust Info Not Found,Lake City VA Medical CenterAttn: Warehouse,20079635,90378247,Invoice,40.68,0,1,40.68,40.68
1/31/2025,Freight UR,Uro,202301,1083981,"Barbara Plucknett, MD **CONSOLIDATED use 1108058*",1108058,Cust Info Not Found,Cust Info Not Found,"Barbara Plucknett, MDAttn: Receiving",20167867,90378279,Invoice,22.05,0,1,22.05,22.05
